{
	"$schema": "./node_modules/@biomejs/biome/configuration_schema.json",
	"formatter": {
		"enabled": true,
		"useEditorconfig": true
	},
	"linter": {
		"enabled": true,
		"rules": {
			"recommended": true,
			"suspicious": {
				"noExplicitAny": "off",
				"noArrayIndexKey": "off"
			},
			"complexity": {
				"noForEach": "off"
			},
			"correctness": {
				"useExhaustiveDependencies": "off",
				"noUnusedImports": {
					"level": "error",
					"fix": "safe"
				},
				"noUnusedFunctionParameters": "warn",
				"useUniqueElementIds": "off"
			},
			"style": {
				"noUnusedTemplateLiteral": {
					"level": "error",
					"fix": "safe"
				},
				"noNonNullAssertion": "warn",
				"useBlockStatements": "warn",
				"noParameterAssign": "error",
				"useAsConstAssertion": "error",
				"useDefaultParameterLast": "error",
				"useEnumInitializers": "error",
				"useSelfClosingElements": "error",
				"useSingleVarDeclarator": "error",
				"useNumberNamespace": "error",
				"noInferrableTypes": "error",
				"noUselessElse": "error"
			}
		}
	},
	"assist": { "actions": { "source": { "organizeImports": "on" } } },
	"files": {
		"includes": [
			"**",
			"!zod/index.ts",
			"!tailwind-animate.css",
			"!!**/globals.css"
		]
	},
	"javascript": {
		"jsxRuntime": "reactClassic"
	},
	"css": {
		"formatter": {
			"enabled": false
		},
		"linter": {
			"enabled": false
		},
		"parser": {
			"tailwindDirectives": true
		}
	},
	"vcs": {
		"enabled": true,
		"clientKind": "git",
		"defaultBranch": "main",
		"useIgnoreFile": true
	}
}
