suggested_bucket,item_norm,example_name,count,customers_count,amount_min,amount_median,amount_max,first_seen,last_seen,suggested_regex,active,policy,notes
MATERIALS_WATER_DIVERTER,5' x 5' water diverter (deleted),5' X 5' Water Diverter (deleted),14,3,90.0,90.0,450.0,2024-09-25,2025-10-31,5'\s+x\s+5'\s+water\s+diverter\s+\(deleted\),False,evidence_only,auto: diverter->MATERIALS_WATER_DIVERTER; auto: deleted->evidence_only;
MATERIALS_BRICK,material:brick material,Material:Brick material,3,1,2100.0,3300.0,3300.0,2025-04-29,2025-10-07,material:brick\s+material,True,map,
MATERIALS_CEILING_TILE,material:ceiling tile 2x4 (material),Material:Ceiling tile 2x4 (material),14,4,80.0,132.5,900.0,2024-11-08,2025-11-28,material:ceiling\s+tile\s+2x4\s+\(material\),True,map,
MATERIALS_DRYWALL,"material:5/8"" commercial drywall","Material:5/8"" commercial drywall",9,2,95.0,425.0,1350.0,2024-11-21,2025-10-07,"material:5/8""\s+commercial\s+drywall",True,map,
MATERIALS_PAINT,material:paint (material),Material:Paint (material),19,5,45.0,300.0,975.0,2024-11-21,2025-10-31,material:paint\s+\(material\),True,map,
MATERIALS_WATER_DIVERTER,material:5' x 5' water diverter kit,Material:5' X 5' Water Diverter kit,12,4,100.0,125.0,625.0,2024-12-26,2025-12-05,water\s+diverter|diverter\s+kit|diverter,True,map,
MATERIALS_WATER_DIVERTER,material:water diverter kit,Material:water Diverter kit,5,1,85.0,125.0,375.0,2024-11-13,2025-11-07,water\s+diverter|diverter\s+kit|diverter,True,map,
