item_norm,example_name,count,customers_count,amount_min,amount_median,amount_max,first_seen,last_seen
equipment rental/usage,Equipment rental/usage,50,7,62.5,425.0,1650.0,2025-02-22,2026-01-05
disposal:disposal,Disposal:Disposal,40,5,25.0,225.0,700.0,2024-11-13,2025-12-28
services,Services,20,2,50.0,1562.5,1562.5,2024-10-06,2025-07-29
material:paint (material),Material:Paint (material),19,5,45.0,300.0,975.0,2024-11-21,2025-10-31
job site cleanup,Job site cleanup,18,4,25.0,125.0,680.0,2024-11-30,2026-01-05
freight / shipping,Freight / shipping,17,5,20.0,35.0,450.0,2025-04-04,2026-01-05
material:ceiling tile 2x4 (material),Material:Ceiling tile 2x4 (material),14,4,80.0,132.5,900.0,2024-11-08,2025-11-28
5' x 5' water diverter (deleted),5' X 5' Water Diverter (deleted),14,3,90.0,90.0,450.0,2024-09-25,2025-10-31
material:5' x 5' water diverter kit,Material:5' X 5' Water Diverter kit,12,4,100.0,125.0,625.0,2024-12-26,2025-12-05
15' water hose (deleted),15' Water hose (deleted),11,3,25.0,25.0,100.0,2024-09-25,2025-07-01
5 gallon bucket (deleted),5 Gallon Bucket (deleted),10,3,10.0,10.0,40.0,2024-09-25,2025-07-01
"material:5/8"" commercial drywall","Material:5/8"" commercial drywall",9,2,95.0,425.0,1350.0,2024-11-21,2025-10-07
emergency rate:1 tech emergency rate,emergency rate:1 Tech emergency rate,7,3,125.0,125.0,500.0,2024-11-13,2025-02-19
change order,Change order,5,1,600.0,1250.0,3200.0,2025-11-26,2025-11-26
hollow metal door kit,Hollow Metal Door Kit,5,1,1920.0,2400.0,3840.0,2025-01-24,2025-05-07
material:water diverter kit,Material:water Diverter kit,5,1,85.0,125.0,375.0,2024-11-13,2025-11-07
equipment usage and transport fee,Equipment usage and transport fee,3,1,225.0,225.0,375.0,2024-12-12,2025-07-08
material:brick material,Material:Brick material,3,1,2100.0,3300.0,3300.0,2025-04-29,2025-10-07
