invoice_num,date,date_parsed,customer,item,item_norm,desc,amount
0872,07/01/2025,2025-07-01,"Retail Maintenance Specialists & Construction, LLC",15' Water hose (deleted),15' water hose (deleted),,100.0
0304,09/28/2024,2024-09-28,Insight Facility,15' Water hose (deleted),15' water hose (deleted),,50.0
0871,07/01/2025,2025-07-01,Insight Facility,15' Water hose (deleted),15' water hose (deleted),,50.0
0302,09/25/2024,2024-09-25,"Retail Maintenance Specialists & Construction, LLC",15' Water hose (deleted),15' water hose (deleted),,25.0
0432,12/27/2024,2024-12-27,"Retail Maintenance Specialists & Construction, LLC",15' Water hose (deleted),15' water hose (deleted),Water hose replacement on existing diverter to run to sink/drain as buckets would not contain the leak,25.0
0312,10/03/2024,2024-10-03,23rd Group Facility Services,15' Water hose (deleted),15' water hose (deleted),,25.0
0303,09/28/2024,2024-09-28,Insight Facility,15' Water hose (deleted),15' water hose (deleted),,25.0
0305,09/28/2024,2024-09-28,Insight Facility,15' Water hose (deleted),15' water hose (deleted),,25.0
0306,09/28/2024,2024-09-28,Insight Facility,15' Water hose (deleted),15' water hose (deleted),,25.0
0308,09/28/2024,2024-09-28,Insight Facility,15' Water hose (deleted),15' water hose (deleted),,25.0
0342,11/08/2024,2024-11-08,Insight Facility,15' Water hose (deleted),15' water hose (deleted),,25.0
0872,07/01/2025,2025-07-01,"Retail Maintenance Specialists & Construction, LLC",5 Gallon Bucket (deleted),5 gallon bucket (deleted),,40.0
0304,09/28/2024,2024-09-28,Insight Facility,5 Gallon Bucket (deleted),5 gallon bucket (deleted),,20.0
0308,09/28/2024,2024-09-28,Insight Facility,5 Gallon Bucket (deleted),5 gallon bucket (deleted),,20.0
0302,09/25/2024,2024-09-25,"Retail Maintenance Specialists & Construction, LLC",5 Gallon Bucket (deleted),5 gallon bucket (deleted),,10.0
0312,10/03/2024,2024-10-03,23rd Group Facility Services,5 Gallon Bucket (deleted),5 gallon bucket (deleted),,10.0
0303,09/28/2024,2024-09-28,Insight Facility,5 Gallon Bucket (deleted),5 gallon bucket (deleted),,10.0
0305,09/28/2024,2024-09-28,Insight Facility,5 Gallon Bucket (deleted),5 gallon bucket (deleted),,10.0
0306,09/28/2024,2024-09-28,Insight Facility,5 Gallon Bucket (deleted),5 gallon bucket (deleted),,10.0
0342,11/08/2024,2024-11-08,Insight Facility,5 Gallon Bucket (deleted),5 gallon bucket (deleted),,10.0
0871,07/01/2025,2025-07-01,Insight Facility,5 Gallon Bucket (deleted),5 gallon bucket (deleted),,10.0
1230,10/31/2025,2025-10-31,Insight Facility,5' X 5' Water Diverter (deleted),5' x 5' water diverter (deleted),"Water diverter, hose and catch basin",450.0
0872,07/01/2025,2025-07-01,"Retail Maintenance Specialists & Construction, LLC",5' X 5' Water Diverter (deleted),5' x 5' water diverter (deleted),,360.0
0304,09/28/2024,2024-09-28,Insight Facility,5' X 5' Water Diverter (deleted),5' x 5' water diverter (deleted),,180.0
0871,07/01/2025,2025-07-01,Insight Facility,5' X 5' Water Diverter (deleted),5' x 5' water diverter (deleted),,180.0
0423,12/20/2024,2024-12-20,"Retail Maintenance Specialists & Construction, LLC",5' X 5' Water Diverter (deleted),5' x 5' water diverter (deleted),"5x5 water diverter, hose, catch basin",100.0
0432,12/27/2024,2024-12-27,"Retail Maintenance Specialists & Construction, LLC",5' X 5' Water Diverter (deleted),5' x 5' water diverter (deleted),"Water diverter, hose and catch basin",100.0
0302,09/25/2024,2024-09-25,"Retail Maintenance Specialists & Construction, LLC",5' X 5' Water Diverter (deleted),5' x 5' water diverter (deleted),,90.0
1205,10/20/2025,2025-10-20,"Retail Maintenance Specialists & Construction, LLC",5' X 5' Water Diverter (deleted),5' x 5' water diverter (deleted),"5x5 water diverter, hose and catch basin",90.0
0312,10/03/2024,2024-10-03,23rd Group Facility Services,5' X 5' Water Diverter (deleted),5' x 5' water diverter (deleted),,90.0
0303,09/28/2024,2024-09-28,Insight Facility,5' X 5' Water Diverter (deleted),5' x 5' water diverter (deleted),,90.0
0305,09/28/2024,2024-09-28,Insight Facility,5' X 5' Water Diverter (deleted),5' x 5' water diverter (deleted),,90.0
0306,09/28/2024,2024-09-28,Insight Facility,5' X 5' Water Diverter (deleted),5' x 5' water diverter (deleted),,90.0
0308,09/28/2024,2024-09-28,Insight Facility,5' X 5' Water Diverter (deleted),5' x 5' water diverter (deleted),,90.0
0342,11/08/2024,2024-11-08,Insight Facility,5' X 5' Water Diverter (deleted),5' x 5' water diverter (deleted),,90.0
0615,03/22/2025,2025-03-22,Truesource LLC,Bollard,bollard,Reset existing bollards X2. moving them a little further back to help prevent future damage. Excavation and bracing included3 techs @ $85/hr approx. 2.5 hrs,600.0
1281,11/26/2025,2025-11-26,Nesbitt,Change order,change order,"855 Garage door opening:
*Remove and reinstall roll up door
*Demo and raise header as high as possible
*Replace siding
*Paint to match",3200.0
1281,11/26/2025,2025-11-26,Nesbitt,Change order,change order,"Tile: Tile upgraded from allowance:
*Hall bath tile allowance $105 / cost $525= $420 diff
*Kit/hall/laundry tile allow $1500 / cost $2400= $900 diff",1320.0
1281,11/26/2025,2025-11-26,Nesbitt,Change order,change order,"Interior trim: Master bedroom and bathroom
*Remove and replace trim on 4 windows and 6 door faces to match the new trim in the main body",1250.0
1281,11/26/2025,2025-11-26,Nesbitt,Change order,change order,"Paint: Master bedroom paint
*Paint done earlier this year to change color
*Paint done recently to change to new colors",1200.0
1281,11/26/2025,2025-11-26,Nesbitt,Change order,change order,"Drywall:
*Replace and finish drywall that had to be removed to move the fireplace",600.0
1261,11/13/2025,2025-11-13,Insight Facility,Dehumidifier Rental,dehumidifier rental,,190.0
199,07/17/2024,2024-07-17,MaintenX,Delivery,delivery,Delivery of oversized glass,300.0
1297,12/04/2025,2025-12-04,Insight Facility,Delivery,delivery,Delivery of glass panel,225.0
1314,12/16/2025,2025-12-16,"FRS Contracting, INC.",Disposal / Haulâ€‘Away Fee,disposal / haulâ€‘away fee,"Disposal or haulâ€‘away fee for debris, damaged material, or waste.",35.0
1321,12/18/2025,2025-12-18,KFM247 LTD,Disposal / Haulâ€‘Away Fee,disposal / haulâ€‘away fee,"Disposal or haulâ€‘away fee for debris, damaged material, or waste.",25.0
0668,04/15/2025,2025-04-15,Insight Facility,Disposal:Disposal,disposal:disposal,Provide dumpster and disposal of construction debris,700.0
0693,04/29/2025,2025-04-29,Insight Facility,Disposal:Disposal,disposal:disposal,Provide dumpster and disposal of construction debris,700.0
0769,05/30/2025,2025-05-30,Insight Facility,Disposal:Disposal,disposal:disposal,Provide dumpster and disposal of construction debris,700.0
0770,05/30/2025,2025-05-30,Insight Facility,Disposal:Disposal,disposal:disposal,Provide dumpster and disposal of construction debris,700.0
1161,10/07/2025,2025-10-07,Insight Facility,Disposal:Disposal,disposal:disposal,Provide dumpster and disposal of construction debris,700.0
1161,10/07/2025,2025-10-07,Insight Facility,Disposal:Disposal,disposal:disposal,Provide dumptser/trailer and disposal of construction debris,700.0
0378,11/26/2024,2024-11-26,Insight Facility,Disposal:Disposal,disposal:disposal,Removal and disposal of concrete curb. Load small pieces by hand and break up larger pieces with sledge hammer 2 men ( Diesel service truck required due to weight),550.0
0722,05/19/2025,2025-05-19,Insight Facility,Disposal:Disposal,disposal:disposal,Demo and disposal of existing enclosure,500.0
1013,08/23/2025,2025-08-23,Truesource LLC,Disposal:Disposal,disposal:disposal,Removal and disposal of roll up door,500.0
1098,09/25/2025,2025-09-25,Truesource LLC,Disposal:Disposal,disposal:disposal,Disposal of removed dock leveler. Transport and disposal fees,500.0
1167,10/09/2025,2025-10-09,Truesource LLC,Disposal:Disposal,disposal:disposal,Disposal of removed dock leveler. Transport and disposal fees,500.0
1270,11/20/2025,2025-11-20,Truesource LLC,Disposal:Disposal,disposal:disposal,Disposal of removed dock leveler. Transport and disposal fees,500.0
1320,12/18/2025,2025-12-18,Truesource LLC,Disposal:Disposal,disposal:disposal,Disposal of removed dock leveler. Transport and disposal fees,500.0
0858,06/25/2025,2025-06-25,Insight Facility,Disposal:Disposal,disposal:disposal,Demo and disposal of existing enclosure,400.0
0865,06/27/2025,2025-06-27,Insight Facility,Disposal:Disposal,disposal:disposal,Demo and disposal of existing enclosure,400.0
0931,07/24/2025,2025-07-24,Insight Facility,Disposal:Disposal,disposal:disposal,"Removal and disposal
landfill fees",400.0
0623,03/31/2025,2025-03-31,Insight Facility,Disposal:Disposal,disposal:disposal,Provide dumpster and disposal of construction debris,350.0
0427,12/26/2024,2024-12-26,Insight Facility,Disposal:Disposal,disposal:disposal,Disposal of existing cabinets,250.0
0458,01/13/2025,2025-01-13,Truesource LLC,Disposal:Disposal,disposal:disposal,Disposal of existing materials,250.0
1239,11/07/2025,2025-11-07,"Retail Maintenance Specialists & Construction, LLC",Disposal:Disposal,disposal:disposal,Disposal of removed slatwall and debris,225.0
0777,06/04/2025,2025-06-04,Insight Facility,Disposal:Disposal,disposal:disposal,"Removal and disposal
landfill fees",225.0
0859,06/25/2025,2025-06-25,Truesource LLC,Disposal:Disposal,disposal:disposal,Removal and disposal (large load),170.0
1002,08/19/2025,2025-08-19,"Retail Maintenance Specialists & Construction, LLC",Disposal:Disposal,disposal:disposal,Disposal of removed slatwall and debris,125.0
0528,02/07/2025,2025-02-07,Truesource LLC,Disposal:Disposal,disposal:disposal,Removal and disposal (large load),125.0
0575,03/01/2025,2025-03-01,Truesource LLC,Disposal:Disposal,disposal:disposal,Removal and disposal of existing shutter,125.0
0676,04/23/2025,2025-04-23,Truesource LLC,Disposal:Disposal,disposal:disposal,Removal and disposal (large load),125.0
0887,07/08/2025,2025-07-08,Truesource LLC,Disposal:Disposal,disposal:disposal,Removal and disposal (large load),125.0
1343,12/28/2025,2025-12-28,Truesource LLC,Disposal:Disposal,disposal:disposal,Disposal of damaged materials,125.0
0415,12/12/2024,2024-12-12,Retail Fix-it,Disposal:Disposal,disposal:disposal,Removal and disposal of all debris,125.0
0358,11/13/2024,2024-11-13,"Retail Maintenance Specialists & Construction, LLC",Disposal:Disposal,disposal:disposal,Removal and disposal,100.0
0709,05/06/2025,2025-05-06,Insight Facility,Disposal:Disposal,disposal:disposal,"Removal and disposal, landfill fees",75.0
0673,04/17/2025,2025-04-17,"Retail Maintenance Specialists & Construction, LLC",Disposal:Disposal,disposal:disposal,Removal and disposal of dismantled shelving from store (Incurred),50.0
1047,09/09/2025,2025-09-09,23rd Group Facility Services,Disposal:Disposal,disposal:disposal,Removal and disposal of water damaged ceiling tiles and water diverters,50.0
0482,01/20/2025,2025-01-20,Insight Facility,Disposal:Disposal,disposal:disposal,Removal and disposal of ceiling tile debris,50.0
0539,02/11/2025,2025-02-11,Insight Facility,Disposal:Disposal,disposal:disposal,Removal and disposal of water damaged ceiling tiles,50.0
0729,05/21/2025,2025-05-21,Insight Facility,Disposal:Disposal,disposal:disposal,Removal and disposal of damaged ceiling tiles,50.0
0930,07/24/2025,2025-07-24,Insight Facility,Disposal:Disposal,disposal:disposal,Disposal of removed guardrail,50.0
0467,01/17/2025,2025-01-17,Truesource LLC,Disposal:Disposal,disposal:disposal,Disposal of all debris,50.0
1251,11/12/2025,2025-11-12,Truesource LLC,Disposal:Disposal,disposal:disposal,Disposal of removed retention hook,50.0
0773,06/04/2025,2025-06-04,Insight Facility,Disposal:Disposal,disposal:disposal,Removal and disposal,25.0
0770,05/30/2025,2025-05-30,Insight Facility,Door parts:Commercial Entry door,door parts:commercial entry door,"New 3'0"" x 6'8"" metal door and frame, with sweeps and conti",2575.0
0320,10/15/2024,2024-10-15,Truesource LLC,"Door parts:CRL Dark Bronze 1/8"" Offset Flush Bolt","door parts:crl dark bronze 1/8"" offset flush bolt",,88.0
0347,11/08/2024,2024-11-08,Truesource LLC,"Door parts:CRL Dark Bronze 1/8"" Offset Flush Bolt","door parts:crl dark bronze 1/8"" offset flush bolt",Flush Bolt kit,37.5
1261,11/13/2025,2025-11-13,Insight Facility,Drying equipment rental,drying equipment rental,Drying fans,240.0
1259,11/13/2025,2025-11-13,Insight Facility,Drying equipment rental,drying equipment rental,Drying fans,150.0
0539,02/11/2025,2025-02-11,Insight Facility,emergency rate:1 Tech emergency rate,emergency rate:1 tech emergency rate,Installation of 5 water diverters and cleanup of tile debris,500.0
0355,11/13/2024,2024-11-13,"Retail Maintenance Specialists & Construction, LLC",emergency rate:1 Tech emergency rate,emergency rate:1 tech emergency rate,,375.0
0365,11/19/2024,2024-11-19,"Retail Maintenance Specialists & Construction, LLC",emergency rate:1 Tech emergency rate,emergency rate:1 tech emergency rate,,125.0
0370,11/21/2024,2024-11-21,"Retail Maintenance Specialists & Construction, LLC",emergency rate:1 Tech emergency rate,emergency rate:1 tech emergency rate,Extra time beyond 1st hour,125.0
0443,01/04/2025,2025-01-04,Insight Facility,emergency rate:1 Tech emergency rate,emergency rate:1 tech emergency rate,Extra time to acquire and replace water damaged ceiling tiles.,125.0
0482,01/20/2025,2025-01-20,Insight Facility,emergency rate:1 Tech emergency rate,emergency rate:1 tech emergency rate,Extra time to remove and clean and clean up ceiling tile debris,125.0
0554,02/19/2025,2025-02-19,Truesource LLC,emergency rate:1 Tech emergency rate,emergency rate:1 tech emergency rate,Extra hour to apply temporary slide bolt to secure door. Existing upper and lower slide bolts are missing and/or damaged.,125.0
1319,12/18/2025,2025-12-18,Insight Facility,Equipment rental/usage,equipment rental/usage,Modular ADA ramp monthly rental. Assuming 6 month rental,1650.0
1280,11/21/2025,2025-11-21,MaintenX,Equipment rental/usage,equipment rental/usage,"60' articulating lift to assess for proper estimate. Includes: rental, delivery and return, environmental fees and taxes",1500.0
1098,09/25/2025,2025-09-25,Truesource LLC,Equipment rental/usage,equipment rental/usage,"Boom lift rental
Per day
Includes delivery and pick up",1250.0
1167,10/09/2025,2025-10-09,Truesource LLC,Equipment rental/usage,equipment rental/usage,"Boom lift rental
Per day
Includes delivery and pick up",1250.0
1270,11/20/2025,2025-11-20,Truesource LLC,Equipment rental/usage,equipment rental/usage,"Boom lift rental
Per day
Includes delivery and pick up",1250.0
1320,12/18/2025,2025-12-18,Truesource LLC,Equipment rental/usage,equipment rental/usage,"Boom lift rental (telehandler)
Per day
Includes delivery and pick up",1250.0
0708,05/06/2025,2025-05-06,Insight Facility,Equipment rental/usage,equipment rental/usage,"1 dehumidifier, 4 drying fans, 1 water extractorUsage for 2 days",1000.0
0749,04/02/2025,2025-04-02,Insight Facility,Equipment rental/usage,equipment rental/usage,"1 dehumidifier, 4 drying fans, 1- water extractor.
Usage for 2 days.",1000.0
0913,07/14/2025,2025-07-14,Insight Facility,Equipment rental/usage,equipment rental/usage,"1 dehumidifier, 4 drying fans, 1 water extractor
Usage for 2 days",1000.0
0924,07/23/2025,2025-07-23,Insight Facility,Equipment rental/usage,equipment rental/usage,"1 dehumidifier, 4 drying fans, 1 water extractor
Usage for 2 days",1000.0
0835,06/20/2025,2025-06-20,Insight Facility,Equipment rental/usage,equipment rental/usage,Scaffolding and/or lift- 2 days,900.0
0986,08/07/2025,2025-08-07,Truesource LLC,Equipment rental/usage,equipment rental/usage,Forklift,650.0
1013,08/23/2025,2025-08-23,Truesource LLC,Equipment rental/usage,equipment rental/usage,Forklift per day,600.0
0922,07/23/2025,2025-07-23,Insight Facility,Equipment rental/usage,equipment rental/usage,1 water extractor,500.0
0658,04/09/2025,2025-04-09,MaintenX,Equipment rental/usage,equipment rental/usage,Mobile welding unit4hr minimum @ 125/hr,500.0
1122,09/30/2025,2025-09-30,Insight Facility,Equipment rental/usage,equipment rental/usage,Boom lift rental per day,450.0
1264,11/20/2025,2025-11-20,Insight Facility,Equipment rental/usage,equipment rental/usage,Scissor lift daily rental,450.0
1285,11/28/2025,2025-11-28,Insight Facility,Equipment rental/usage,equipment rental/usage,Scissor lift rental per day (may be able to get around it),450.0
0558,02/22/2025,2025-02-22,Truesource LLC,Equipment rental/usage,equipment rental/usage,Rental/usage of 19' scissor lift,450.0
0986,08/07/2025,2025-08-07,Truesource LLC,Equipment rental/usage,equipment rental/usage,Scissor lift,450.0
1011,08/23/2025,2025-08-23,Truesource LLC,Equipment rental/usage,equipment rental/usage,Scissor lift,450.0
1085,09/16/2025,2025-09-16,Truesource LLC,Equipment rental/usage,equipment rental/usage,Scissor lift rental,450.0
1090,09/17/2025,2025-09-17,Truesource LLC,Equipment rental/usage,equipment rental/usage,Scissor lift / ladders / scaffolding,450.0
1106,09/26/2025,2025-09-26,Truesource LLC,Equipment rental/usage,equipment rental/usage,Scissor lift rental,450.0
1175,10/09/2025,2025-10-09,Truesource LLC,Equipment rental/usage,equipment rental/usage,Scissor lift rental,450.0
0931,07/24/2025,2025-07-24,Insight Facility,Equipment rental/usage,equipment rental/usage,14ft dump trailer day use,400.0
0791,06/06/2025,2025-06-06,Truesource LLC,Equipment rental/usage,equipment rental/usage,Forkllift,400.0
0859,06/25/2025,2025-06-25,Truesource LLC,Equipment rental/usage,equipment rental/usage,Lift rental for slat support,400.0
0990,08/07/2025,2025-08-07,Truesource LLC,Equipment rental/usage,equipment rental/usage,Forklift,400.0
1013,08/23/2025,2025-08-23,Truesource LLC,Equipment rental/usage,equipment rental/usage,Scissor lift per day,400.0
1083,09/16/2025,2025-09-16,Truesource LLC,Equipment rental/usage,equipment rental/usage,Scissor lift rental,400.0
1271,11/20/2025,2025-11-20,Truesource LLC,Equipment rental/usage,equipment rental/usage,Daily scissor lift rental,400.0
0690,03/09/2025,2025-03-09,Retail Fix-it,Equipment rental/usage,equipment rental/usage,Portable welder minimal usage,400.0
0590,03/13/2025,2025-03-13,Insight Facility,Equipment rental/usage,equipment rental/usage,3 sets of scaffolding,375.0
0965,08/01/2025,2025-08-01,Insight Facility,Equipment rental/usage,equipment rental/usage,Lift and or scaffolding. 2 days rental/usage,370.0
0966,08/01/2025,2025-08-01,Insight Facility,Equipment rental/usage,equipment rental/usage,Lift and or scaffolding. 2 days rental/usage,370.0
1195,10/17/2025,2025-10-17,HERO Facility Services,Equipment rental/usage,equipment rental/usage,Boom lift rental,350.0
0596,03/14/2025,2025-03-14,Insight Facility,Equipment rental/usage,equipment rental/usage,"100# roller, moving equipment (pallet jack, sliders)",325.0
1372,01/05/2026,2026-01-05,HERO Facility Services,Equipment rental/usage,equipment rental/usage,Concrete saw,325.0
0711,05/06/2025,2025-05-06,"Retail Maintenance Specialists & Construction, LLC",Equipment rental/usage,equipment rental/usage,Long reach ladder Rental and acquirement,250.0
1265,11/20/2025,2025-11-20,23rd Group Facility Services,Equipment rental/usage,equipment rental/usage,Mobile welding unit per day,250.0
0989,08/07/2025,2025-08-07,Truesource LLC,Equipment rental/usage,equipment rental/usage,Scaffolding/ specialty ladders,250.0
0812,06/17/2025,2025-06-17,MaintenX,Equipment rental/usage,equipment rental/usage,"Mobile washing unit. LL will not allow use of onsite water, must provide a mobile unit",250.0
0870,07/01/2025,2025-07-01,Insight Facility,Equipment rental/usage,equipment rental/usage,Pressure wash trailer,225.0
0873,07/02/2025,2025-07-02,Insight Facility,Equipment rental/usage,equipment rental/usage,Pressure wash trailer,225.0
0754,05/24/2025,2025-05-24,Truesource LLC,Equipment rental/usage,equipment rental/usage,Mobile welder per day,225.0
1372,01/05/2026,2026-01-05,HERO Facility Services,Equipment rental/usage,equipment rental/usage,Jack hammer,200.0
1015,08/23/2025,2025-08-23,Truesource LLC,Equipment rental/usage,equipment rental/usage,Concrete saw,125.0
0560,02/25/2025,2025-02-25,Truesource LLC,Equipment rental/usage,equipment rental/usage,2 hydraulic jacks,120.0
1333,12/19/2025,2025-12-19,HERO Facility Services,Equipment rental/usage,equipment rental/usage,Gas powered tamper per day,62.5
0413,12/12/2024,2024-12-12,Insight Facility,Equipment usage and transport fee,equipment usage and transport fee,Days use of scissor lift and/or ladders to access windows for cleaning 14-22 ft in height,375.0
0879,07/08/2025,2025-07-08,Insight Facility,Equipment usage and transport fee,equipment usage and transport fee,Pressure wash trailer,225.0
0880,07/08/2025,2025-07-08,Insight Facility,Equipment usage and transport fee,equipment usage and transport fee,Pressure wash trailer,225.0
0307,09/28/2024,2024-09-28,23rd Group Facility Services,Filled Sand Bag,filled sand bag,,60.0
0634,04/01/2025,2025-04-01,Truesource LLC,Floor Protection,floor protection,Install Ramboard type material for floor protection during construction. to be removed and reapplied each visit.,425.0
0642,04/04/2025,2025-04-04,Truesource LLC,Freight / shipping,freight / shipping,,450.0
1237,11/05/2025,2025-11-05,Insight Facility,Freight / shipping,freight / shipping,Freight for product,325.0
0934,07/25/2025,2025-07-25,Truesource LLC,Freight / shipping,freight / shipping,QMI shipping charges,200.0
1343,12/28/2025,2025-12-28,Truesource LLC,Freight / shipping,freight / shipping,Product shipping (manufacturer),200.0
1372,01/05/2026,2026-01-05,HERO Facility Services,Freight / shipping,freight / shipping,Supplier delivery of bollards,195.0
0907,07/14/2025,2025-07-14,Insight Facility,Freight / shipping,freight / shipping,Shipping and QMI management fees,95.0
0867,06/27/2025,2025-06-27,"Retail Maintenance Specialists & Construction, LLC",Freight / shipping,freight / shipping,Shipping for large package,65.0
0809,06/12/2025,2025-06-12,"Retail Maintenance Specialists & Construction, LLC",Freight / shipping,freight / shipping,Shipping cost for product,35.0
0810,06/12/2025,2025-06-12,"Retail Maintenance Specialists & Construction, LLC",Freight / shipping,freight / shipping,Shipping cost for product,35.0
0807,06/12/2025,2025-06-12,Insight Facility,Freight / shipping,freight / shipping,Shipping for materials,35.0
0829,06/18/2025,2025-06-18,Insight Facility,Freight / shipping,freight / shipping,Shipping,35.0
0833,06/18/2025,2025-06-18,Insight Facility,Freight / shipping,freight / shipping,Shipping cost,35.0
0921,07/23/2025,2025-07-23,Insight Facility,Freight / shipping,freight / shipping,Shipping of materials,35.0
1003,08/19/2025,2025-08-19,Insight Facility,Freight / shipping,freight / shipping,Shipping for new fixture,35.0
1151,10/03/2025,2025-10-03,Truesource LLC,Freight / shipping,freight / shipping,Shipping charges,35.0
0914,07/14/2025,2025-07-14,MaintenX,Freight / shipping,freight / shipping,Shipping and handling,35.0
0844,06/20/2025,2025-06-20,Truesource LLC,Freight / shipping,freight / shipping,freight,20.0
199,07/17/2024,2024-07-17,MaintenX,Glass,glass,1/4 tempered clear,830.0
1038,09/03/2025,2025-09-03,"Retail Maintenance Specialists & Construction, LLC",Heavy duty continuous hinge,heavy duty continuous hinge,Heavy duty continuous hinges and fasteners,570.0
1235,11/03/2025,2025-11-03,"Retail Maintenance Specialists & Construction, LLC",Heavy duty door sweep,heavy duty door sweep,"48"" heavy duty door sweeps",90.0
0318,10/14/2024,2024-10-14,"Retail Maintenance Specialists & Construction, LLC",Heavy duty door sweep,heavy duty door sweep,,75.0
0669,04/15/2025,2025-04-15,Insight Facility,Hollow Metal Door Kit,hollow metal door kit,"Door 1(fire pump room) Double door kit includes door, sweep and continuous hinges",3840.0
0715,05/07/2025,2025-05-07,Insight Facility,Hollow Metal Door Kit,hollow metal door kit,"Door 1(emergency exit) 40 x 84 with flush bolt
 Includes door sweep, continues hinge and transfer of panic system and devices",2400.0
0715,05/07/2025,2025-05-07,Insight Facility,Hollow Metal Door Kit,hollow metal door kit,"Door 2 (Emergency exit) 39 7/8 x 86 with flush bolt
 Includes door sweep, continues hinge and transfer of panic system and devices",2400.0
0669,04/15/2025,2025-04-15,Insight Facility,Hollow Metal Door Kit,hollow metal door kit,"Door 2 (break room/warehouse entry) Door kit includes door, sweep, 6x30 light kit, continuous hinge",2100.0
0493,01/24/2025,2025-01-24,Insight Facility,Hollow Metal Door Kit,hollow metal door kit,"Door kit includes door, sweep and continues hinge Left side of double door only",1920.0
1161,10/07/2025,2025-10-07,Insight Facility,Job site cleanup,job site cleanup,"Final clean after construction
2 techs approx. 4 hours",680.0
0615,03/22/2025,2025-03-22,Truesource LLC,Job site cleanup,job site cleanup,Cleanup and disposal of jobsite debris and dispose of in landfill. heavy load and use of dump trailer. Dump trailer usage set at $2503techs @ $85/hr approx. 1 hr,400.0
0634,04/01/2025,2025-04-01,Truesource LLC,Job site cleanup,job site cleanup,Cleanup and disposal of jobsite debris,325.0
0788,06/06/2025,2025-06-06,Insight Facility,Job site cleanup,job site cleanup,Cleanup and disposal of jobsite debris,250.0
0924,07/23/2025,2025-07-23,Insight Facility,Job site cleanup,job site cleanup,Cleanup and disposal of jobsite debris from remediation,250.0
0668,04/15/2025,2025-04-15,Insight Facility,Job site cleanup,job site cleanup,Final clean after construction,240.0
0386,11/30/2024,2024-11-30,Insight Facility,Job site cleanup,job site cleanup,Cleanup and disposal of jobsite debris,125.0
0463,01/15/2025,2025-01-15,Insight Facility,Job site cleanup,job site cleanup,"Cleanup and disposal of jobsite debris. Brick, block, etcDump trailer and landfill fees",125.0
0550,02/14/2025,2025-02-14,Insight Facility,Job site cleanup,job site cleanup,"Removal of damaged ceiling tiles, cleanup and disposal.",125.0
0590,03/13/2025,2025-03-13,Insight Facility,Job site cleanup,job site cleanup,Cleanup and secure of jobsite during and after construction,125.0
0863,06/27/2025,2025-06-27,Insight Facility,Job site cleanup,job site cleanup,Cleanup and disposal of jobsite debris,125.0
1005,08/22/2025,2025-08-22,Insight Facility,Job site cleanup,job site cleanup,Cleanup and disposal of jobsite debris,125.0
1006,08/22/2025,2025-08-22,Insight Facility,Job site cleanup,job site cleanup,Cleanup and disposal of jobsite debris,125.0
0393,12/03/2024,2024-12-03,Retail Fix-it,Job site cleanup,job site cleanup,"Protection, Cleanup and Disposal of jobsite debris",125.0
1291,12/01/2025,2025-12-01,HERO Facility Services,Job site cleanup,job site cleanup,Cleanup and disposal of jobsite debris,125.0
1372,01/05/2026,2026-01-05,HERO Facility Services,Job site cleanup,job site cleanup,"Cleanup and disposal of jobsite debris. Concrete, asphalt, dirt, etc.",125.0
1161,10/07/2025,2025-10-07,Insight Facility,Job site cleanup,job site cleanup,Cleanup and disposal of jobsite debris,50.0
0834,06/20/2025,2025-06-20,Insight Facility,Job site cleanup,job site cleanup,Cleanup and disposal of jobsite debris,25.0
0314,10/06/2024,2024-10-06,Insight Facility,Material:1/4 plywood (deleted),material:1/4 plywood (deleted),1\4 plywood Revolutionary ply,100.0
0353,11/13/2024,2024-11-13,"Retail Maintenance Specialists & Construction, LLC",Material:10x10 water diverter,material:10x10 water diverter,,175.0
0539,02/11/2025,2025-02-11,Insight Facility,Material:5' X 5' Water Diverter kit,material:5' x 5' water diverter kit,"5x5 water diverter, drain hose, catch basin",625.0
0550,02/14/2025,2025-02-14,Insight Facility,Material:5' X 5' Water Diverter kit,material:5' x 5' water diverter kit,"5x5 water diverter, hose, drain basin",500.0
1302,12/05/2025,2025-12-05,MaintenX,Material:5' X 5' Water Diverter kit,material:5' x 5' water diverter kit,"5 X 5 water diverter kit includes diverter, hose and bucket",375.0
1288,11/28/2025,2025-11-28,"Retail Maintenance Specialists & Construction, LLC",Material:5' X 5' Water Diverter kit,material:5' x 5' water diverter kit,"5 X 5 water diverter kit includes diverter, hose and bucket",250.0
1287,11/28/2025,2025-11-28,"Retail Maintenance Specialists & Construction, LLC",Material:5' X 5' Water Diverter kit,material:5' x 5' water diverter kit,"5 X 5 water diverter kit includes diverter, hose and bucket",125.0
0452,01/12/2025,2025-01-12,Insight Facility,Material:5' X 5' Water Diverter kit,material:5' x 5' water diverter kit,"5x5 diverter, hose, catch basin",125.0
0566,02/25/2025,2025-02-25,Insight Facility,Material:5' X 5' Water Diverter kit,material:5' x 5' water diverter kit,"5x5 water diverter, hose and catch basin",125.0
0813,06/17/2025,2025-06-17,Insight Facility,Material:5' X 5' Water Diverter kit,material:5' x 5' water diverter kit,"5 X 5 water diverter, hose and catch basin",125.0
1093,09/18/2025,2025-09-18,Insight Facility,Material:5' X 5' Water Diverter kit,material:5' x 5' water diverter kit,"Water diverted, hose, catch basin",125.0
0436,12/30/2024,2024-12-30,Insight Facility,Material:5' X 5' Water Diverter kit,material:5' x 5' water diverter kit,"5x5 water diverter, hose, catch basin",100.0
0426,12/26/2024,2024-12-26,KFM247 LTD,Material:5' X 5' Water Diverter kit,material:5' x 5' water diverter kit,"5x5 diverter, hose, drain basin",100.0
0435,12/30/2024,2024-12-30,KFM247 LTD,Material:5' X 5' Water Diverter kit,material:5' x 5' water diverter kit,"5 x 5 water diverter, Hose and catch basin",100.0
0368,11/21/2024,2024-11-21,Insight Facility,"Material:5/8"" commercial drywall","material:5/8"" commercial drywall","5/8"" drywall, tape, corners, Joint compound",1350.0
1161,10/07/2025,2025-10-07,Insight Facility,"Material:5/8"" commercial drywall","material:5/8"" commercial drywall","5/8"" drywall, tape, Joint compound",1025.0
0668,04/15/2025,2025-04-15,Insight Facility,"Material:5/8"" commercial drywall","material:5/8"" commercial drywall","5/8"" drywall, tape, Joint compound",825.0
1005,08/22/2025,2025-08-22,Insight Facility,"Material:5/8"" commercial drywall","material:5/8"" commercial drywall","5/8"" drywall, tape, corners, Joint compound",585.0
0623,03/31/2025,2025-03-31,Insight Facility,"Material:5/8"" commercial drywall","material:5/8"" commercial drywall","5/8"" drywall, tape, corners, Joint compound",425.0
0770,05/30/2025,2025-05-30,Insight Facility,"Material:5/8"" commercial drywall","material:5/8"" commercial drywall","5/8"" drywall, tape, corners, Joint compound",425.0
0919,07/23/2025,2025-07-23,Insight Facility,"Material:5/8"" commercial drywall","material:5/8"" commercial drywall","5/8"" drywall, tape, corners, Joint compound",325.0
0893,07/11/2025,2025-07-11,"Retail Maintenance Specialists & Construction, LLC","Material:5/8"" commercial drywall","material:5/8"" commercial drywall","5/8"" drywall, tape, corners, Joint compound",95.0
0895,07/14/2025,2025-07-14,"Retail Maintenance Specialists & Construction, LLC","Material:5/8"" commercial drywall","material:5/8"" commercial drywall","5/8"" drywall, tape, corners, Joint compound",95.0
0693,04/29/2025,2025-04-29,Insight Facility,Material:Brick material,material:brick material,"Approx. 220 sf of brick, sand and mortar, brick ties, waterproofing",3300.0
1161,10/07/2025,2025-10-07,Insight Facility,Material:Brick material,material:brick material,"Approx. 220sf of brick, sand, mortar, brick ties, waterproofing",3300.0
0769,05/30/2025,2025-05-30,Insight Facility,Material:Brick material,material:brick material,"Approx. 140 sf of brick, sand and mortar.",2100.0
0368,11/21/2024,2024-11-21,Insight Facility,Material:Ceiling tile 2x4 (material),material:ceiling tile 2x4 (material),Ceiling tiles to match customer specs,900.0
1047,09/09/2025,2025-09-09,23rd Group Facility Services,Material:Ceiling tile 2x4 (material),material:ceiling tile 2x4 (material),"Ceiling tiles to match customer specs
USG R2310 ceiling tiles",650.0
0963,07/30/2025,2025-07-30,Insight Facility,Material:Ceiling tile 2x4 (material),material:ceiling tile 2x4 (material),Ceiling tiles to match customer specs,550.0
0878,07/08/2025,2025-07-08,Insight Facility,Material:Ceiling tile 2x4 (material),material:ceiling tile 2x4 (material),Ceiling tiles to match customer specs,240.0
0371,11/24/2024,2024-11-24,"Retail Maintenance Specialists & Construction, LLC",Material:Ceiling tile 2x4 (material),material:ceiling tile 2x4 (material),"2 ft. x 2 ft. Olympia Micro White Shadowline Tapered Edge Lay-In Ceiling Tile, case of 16",190.45
0343,11/08/2024,2024-11-08,Insight Facility,Material:Ceiling tile 2x4 (material),material:ceiling tile 2x4 (material),16 tiles 8 per case,150.0
1266,11/20/2025,2025-11-20,23rd Group Facility Services,Material:Ceiling tile 2x4 (material),material:ceiling tile 2x4 (material),"Ceiling tiles to match customer specs
USG R2310 ceiling tiles",140.0
0720,05/19/2025,2025-05-19,"Retail Maintenance Specialists & Construction, LLC",Material:Ceiling tile 2x4 (material),material:ceiling tile 2x4 (material),Ceiling tiles to match customer specs,125.0
1286,11/28/2025,2025-11-28,Insight Facility,Material:Ceiling tile 2x4 (material),material:ceiling tile 2x4 (material),Ceiling tiles to match customer specs.,125.0
0775,06/04/2025,2025-06-04,Insight Facility,Material:Ceiling tile 2x4 (material),material:ceiling tile 2x4 (material),Ceiling tiles to match customer specs,120.0
0443,01/04/2025,2025-01-04,Insight Facility,Material:Ceiling tile 2x4 (material),material:ceiling tile 2x4 (material),Ceiling tiles to match customer specs,100.0
1104,09/26/2025,2025-09-26,Retail Fix-it,Material:Ceiling tile 2x4 (material),material:ceiling tile 2x4 (material),Ceiling tiles to match customer specs,90.0
1114,09/26/2025,2025-09-26,Retail Fix-it,Material:Ceiling tile 2x4 (material),material:ceiling tile 2x4 (material),Ceiling tiles to match customer specs,90.0
0688,03/17/2025,2025-03-17,Retail Fix-it,Material:Ceiling tile 2x4 (material),material:ceiling tile 2x4 (material),Ceiling tiles to match customer specs,80.0
0368,11/21/2024,2024-11-21,Insight Facility,Material:Cove base (material),material:cove base (material),Cove base to match customer specs and color,160.0
0368,11/21/2024,2024-11-21,Insight Facility,Material:Floor covering LVP (material),material:floor covering lvp (material),LVP floor covering to match customer specs,640.0
1005,08/22/2025,2025-08-22,Insight Facility,Material:Paint (material),material:paint (material),Paint to match customer specs and color Approx. 15 gallons and primer,975.0
1032,08/30/2025,2025-08-30,Insight Facility,Material:Paint (material),material:paint (material),"Prep materials for block wall
Protection to cover inventory
Zinsser Shellac primer (5  gallons)
A  100 paint (5 gallons) to customer specs,",900.0
1161,10/07/2025,2025-10-07,Insight Facility,Material:Paint (material),material:paint (material),Paint and primer to match existing wall color,900.0
0368,11/21/2024,2024-11-21,Insight Facility,Material:Paint (material),material:paint (material),Paint to match customer specs and color,800.0
0669,04/15/2025,2025-04-15,Insight Facility,Material:Paint (material),material:paint (material),Paint to match customer specs and color,360.0
1042,09/09/2025,2025-09-09,KFM247 LTD,Material:Paint (material),material:paint (material),Paint to match customer specs and color: Zinser Primer,340.0
1223,10/29/2025,2025-10-29,Retail Fix-it,Material:Paint (material),material:paint (material),Paint to match customer specs and color,340.0
0590,03/13/2025,2025-03-13,Insight Facility,Material:Paint (material),material:paint (material),Paint to match customer specs and color,325.0
0668,04/15/2025,2025-04-15,Insight Facility,Material:Paint (material),material:paint (material),Paint to match existing wall color,325.0
0715,05/07/2025,2025-05-07,Insight Facility,Material:Paint (material),material:paint (material),Paint doors to match customer specs and color,300.0
0463,01/15/2025,2025-01-15,Insight Facility,Material:Paint (material),material:paint (material),Paint to match customer specs and color,275.0
1224,10/31/2025,2025-10-31,KFM247 LTD,Material:Paint (material),material:paint (material),Paint to match customer specs and color,255.0
0623,03/31/2025,2025-03-31,Insight Facility,Material:Paint (material),material:paint (material),Paint to match customer specs and color,185.0
0770,05/30/2025,2025-05-30,Insight Facility,Material:Paint (material),material:paint (material),Paint to match customer specs and color,185.0
0493,01/24/2025,2025-01-24,Insight Facility,Material:Paint (material),material:paint (material),Paint to match customer specs and color,120.0
0565,02/25/2025,2025-02-25,MaintenX,Material:Paint (material),material:paint (material),Paint to match customer specs and color. ! gallon,75.0
0893,07/11/2025,2025-07-11,"Retail Maintenance Specialists & Construction, LLC",Material:Paint (material),material:paint (material),Paint to match customer specs and color Approx. 1 gallons and primer,65.0
0895,07/14/2025,2025-07-14,"Retail Maintenance Specialists & Construction, LLC",Material:Paint (material),material:paint (material),Paint to match customer specs and color Approx. 1 gallons and primer,65.0
0371,11/24/2024,2024-11-24,"Retail Maintenance Specialists & Construction, LLC",Material:Paint (material),material:paint (material),Paint to match customer specs and color,45.0
1243,11/07/2025,2025-11-07,"Retail Maintenance Specialists & Construction, LLC",Material:water Diverter kit,material:water diverter kit,"Water diverter, Hose and catch basin",375.0
0355,11/13/2024,2024-11-13,"Retail Maintenance Specialists & Construction, LLC",Material:water Diverter kit,material:water diverter kit,,255.0
1131,10/01/2025,2025-10-01,"Retail Maintenance Specialists & Construction, LLC",Material:water Diverter kit,material:water diverter kit,"Water diverter, Hose and catch basin",125.0
1231,10/31/2025,2025-10-31,"Retail Maintenance Specialists & Construction, LLC",Material:water Diverter kit,material:water diverter kit,"Water diverter, Hose and catch basin",125.0
0365,11/19/2024,2024-11-19,"Retail Maintenance Specialists & Construction, LLC",Material:water Diverter kit,material:water diverter kit,,85.0
0934,07/25/2025,2025-07-25,Truesource LLC,Processing,processing,Processing fees from QMI,75.0
0382,11/29/2024,2024-11-29,Insight Facility,Services,services,"Parking lot striping (set price)865 N Highland Ave Atlanta, GA",1562.5
0382,11/29/2024,2024-11-29,Insight Facility,Services,services,"Parking lot striping (set price)7395 Spout Springs Rd Flowery Branch, GA",1562.5
0382,11/29/2024,2024-11-29,Insight Facility,Services,services,"Parking lot striping (set price)109 W Hill St, Thomson, GA",1562.5
0383,11/29/2024,2024-11-29,Insight Facility,Services,services,"Parking lot striping (set price)1025 Lower Fayetteville Rd, Newnan, GA",1562.5
0383,11/29/2024,2024-11-29,Insight Facility,Services,services,"Parking lot striping (set price)2305 HWY #$ E, Newnan, GA",1562.5
0383,11/29/2024,2024-11-29,Insight Facility,Services,services,"Parking lot striping (set price)402 North Wall, Calhoun, GA",1562.5
0383,11/29/2024,2024-11-29,Insight Facility,Services,services,"Parking lot striping (set price)4233 McEver Rd, Oakwood, GA",1562.5
0384,11/29/2024,2024-11-29,Insight Facility,Services,services,"Parking lot striping (set price)5095 Mt Zion Pkwy, Stockbridge, GA",1562.5
0384,11/29/2024,2024-11-29,Insight Facility,Services,services,"Parking lot striping (set price)3709 Thompson Bridge RD, Gainesville, GA",1562.5
0384,11/29/2024,2024-11-29,Insight Facility,Services,services,"Parking lot striping (set price)3595 Atlanta Hwy, Athens, GA",1562.5
0384,11/29/2024,2024-11-29,Insight Facility,Services,services,"Parking lot striping (set price)2098 HWY 20 W, McDonough, GA",1562.5
0385,11/29/2024,2024-11-29,Insight Facility,Services,services,"Parking lot striping (set price)101 Lexington Circle, Peachtree City, GA",1562.5
0385,11/29/2024,2024-11-29,Insight Facility,Services,services,"Parking lot striping (set price)6327 Hwy 53, Dawsonville, GA",1562.5
0385,11/29/2024,2024-11-29,Insight Facility,Services,services,"Parking lot striping (set price)2080 Hog Mtn Rd, Watkinsville, GA",1562.5
0385,11/29/2024,2024-11-29,Insight Facility,Services,services,"Parking lot striping (set price)959 Big A Rd, Toccoa, GA",1562.5
0449,01/08/2025,2025-01-08,Truesource LLC,Services,services,Replace customer supplied strap box.,320.0
0485,01/21/2025,2025-01-21,Truesource LLC,Services,services,Replace customer supplied strap box.,320.0
0660,04/09/2025,2025-04-09,Truesource LLC,Services,services,Replace customer supplied strap box.,320.0
0961,07/29/2025,2025-07-29,Insight Facility,Services,services,"Remove existing faucets and replace with new. Verify plumbing connections.
1 tech appr 3 hours",255.0
0314,10/06/2024,2024-10-06,Insight Facility,Services,services,Removal and disposal,50.0
1261,11/13/2025,2025-11-13,Insight Facility,Water Extractor Mobilization,water extractor mobilization,,100.0
