Customer full name,Product/Service full name,count,avg_price,median_price,min_price,max_price,avg_qty,canonical_service
23rd Group Facility Services,Base rate:NTE Emergency (4 HR),1,200.0,200.0,200.0,200.0,1.0,NTE_EMERGENCY_4HR
23rd Group Facility Services,Base rate:Trip/Assessment Incurred,10,135.5,130.0,130.0,160.0,1.0,TRIP_ASSESSMENT
23rd Group Facility Services,Disposal:Disposal,1,50.0,50.0,50.0,50.0,1.0,DISPOSAL
23rd Group Facility Services,Equipment rental/usage,1,250.0,250.0,250.0,250.0,1.0,EQUIPMENT
23rd Group Facility Services,Filled Sand Bag,1,30.0,30.0,30.0,30.0,2.0,OTHER
23rd Group Facility Services,Job labor,7,82.14285714285714,80.0,80.0,85.0,3.857142857142857,JOB_LABOR
23rd Group Facility Services,Labor 1 Tech,4,88.75,80.0,70.0,125.0,1.75,LABOR_1_TECH
23rd Group Facility Services,Labor:Ceiling tile replacement (labor),1,125.0,125.0,125.0,125.0,6.0,LABOR_CEILING_TILE
23rd Group Facility Services,Labor:Job labor Emergency,0,120.0,120.0,120.0,120.0,9.0,JOB_LABOR
23rd Group Facility Services,Material:Ceiling tile 2x4 (material),2,22.5,22.5,20.0,25.0,16.5,MATERIALS
23rd Group Facility Services,Materials,14,96.42857142857144,80.0,15.0,275.0,2.2857142857142856,MATERIALS
23rd Group Facility Services,NTE EMERGENCY,1,200.0,200.0,200.0,200.0,1.0,NTE_EMERGENCY_4HR
23rd Group Facility Services,NTE Trip/Assessment,1,140.0,140.0,140.0,140.0,1.0,TRIP_ASSESSMENT
23rd Group Facility Services,NTE Trip/Labor,12,176.25,160.0,130.0,355.0,1.0,NTE_TRIP_LABOR
23rd Group Facility Services,Trip Charge,6,60.0,55.0,50.0,75.0,1.0,TRIP_CHARGE
23rd Group Facility Services,Water Diverter Kit,1,125.0,125.0,125.0,125.0,1.0,MATERIALS_WATER_DIVERTER
23rd Group Facility Services (deleted),Services,0,,,,,,OTHER
DMG Pro,Job labor,1,22.75,22.75,22.75,22.75,1.0,JOB_LABOR
DMG Pro,Trip Fee Standard,1,40.0,40.0,40.0,40.0,1.0,TRIP_FEE_STANDARD
"FRS Contracting, INC.",Disposal / Haul‑Away Fee,1,35.0,35.0,35.0,35.0,1.0,DISPOSAL
"FRS Contracting, INC.",Job labor,4,361.875,187.5,4.0,850.0,72.58333333333333,JOB_LABOR
"FRS Contracting, INC.",Labor:Demolition,0,,,,,1.0,LABOR_DEMOLITION
"FRS Contracting, INC.",Labor:Disposal,1,400.0,400.0,400.0,400.0,1.0,DISPOSAL
"FRS Contracting, INC.",Materials,9,261.5,196.0,4.0,750.0,37.84615384615385,MATERIALS
HERO Facility Services,Base rate:NTE Emergency (4 HR),1,320.0,320.0,320.0,320.0,1.0,NTE_EMERGENCY_4HR
HERO Facility Services,Base rate:Trip/Assessment Incurred,3,171.66666666666666,160.0,130.0,225.0,1.0,TRIP_ASSESSMENT
HERO Facility Services,Equipment rental/usage,4,250.0,262.5,125.0,350.0,0.875,EQUIPMENT
HERO Facility Services,Freight / shipping,1,195.0,195.0,195.0,195.0,1.0,FREIGHT
HERO Facility Services,Job labor,6,82.22222222222223,85.0,75.0,85.0,9.666666666666666,JOB_LABOR
HERO Facility Services,Job site cleanup,2,125.0,125.0,125.0,125.0,1.0,CLEANUP
HERO Facility Services,Materials,9,90.5,40.0,5.0,265.0,49.55555555555556,MATERIALS
HERO Facility Services,NTE Trip/Assessment,2,145.0,145.0,130.0,160.0,1.0,TRIP_ASSESSMENT
HERO Facility Services,NTE Trip/Labor,3,180.0,160.0,155.0,225.0,1.0,NTE_TRIP_LABOR
HERO Facility Services,Trip Charge,3,125.0,75.0,75.0,225.0,1.0,TRIP_CHARGE
HERO Facility Services,Trip Fee Standard,2,75.0,75.0,75.0,75.0,1.0,TRIP_FEE_STANDARD
HERO Facility Services,Trip Fee – Standard,1,100.0,100.0,100.0,100.0,1.0,TRIP_FEE_STANDARD
Insight Facility,2 techs Emergency Rate,1,250.0,250.0,250.0,250.0,2.75,LABOR_EMERGENCY
Insight Facility,Base rate:Acoustical ceiling,1,475.0,475.0,475.0,475.0,1.0,OTHER
Insight Facility,Base rate:Drywall,1,6.0,6.0,6.0,6.0,144.0,LABOR_DRYWALL
Insight Facility,Base rate:Framing,1,442.5,442.5,85.0,800.0,8.666666666666666,LABOR_FRAMING
Insight Facility,Base rate:NTE Emergency (4 HR),69,225.52238805970148,225.0,150.0,320.0,0.9672131147540984,NTE_EMERGENCY_4HR
Insight Facility,Base rate:Paint- materials and labor,1,75.0,75.0,75.0,75.0,2.0,LABOR_PAINT
Insight Facility,Base rate:Permits,0,,,,,1.0,PERMITS
Insight Facility,Base rate:Protection and safety,7,250.0,250.0,250.0,250.0,1.0,PROTECTION
Insight Facility,Base rate:Trip/Assessment Incurred,96,170.31914893617022,160.0,75.0,325.0,0.9888888888888888,TRIP_ASSESSMENT
Insight Facility,Dehumidifier Rental,1,95.0,95.0,95.0,95.0,2.0,EQUIPMENT
Insight Facility,Delivery,1,225.0,225.0,225.0,225.0,1.0,DELIVERY
Insight Facility,Disposal:Disposal,21,378.75,400.0,25.0,700.0,0.95,DISPOSAL
Insight Facility,Door parts:Commercial Entry door,0,,,,,1.0,DOOR_PARTS
Insight Facility,Drying equipment rental,2,67.5,67.5,60.0,75.0,3.0,EQUIPMENT
Insight Facility,Equipment rental/usage,13,393.8235294117647,450.0,125.0,900.0,1.6666666666666667,EQUIPMENT
Insight Facility,Equipment usage and transport fee,3,275.0,225.0,225.0,375.0,1.0,EQUIPMENT
Insight Facility,Freight / shipping,7,85.0,35.0,35.0,325.0,1.0,FREIGHT
Insight Facility,Hollow Metal Door Kit,0,,,,,1.0,DOOR_PARTS
Insight Facility,Job labor,141,114.20994475138122,85.0,5.0,600.0,8.240789473684211,JOB_LABOR
Insight Facility,Job site cleanup,15,136.53846153846155,125.0,25.0,250.0,1.3333333333333333,CLEANUP
Insight Facility,Labor (after hours),1,125.0,125.0,125.0,125.0,6.0,AFTER_HOURS_LABOR
Insight Facility,Labor 1 Tech,29,88.21428571428571,80.0,40.0,125.0,1.7857142857142858,LABOR_1_TECH
Insight Facility,Labor 2nd Tech,7,94.16666666666669,80.0,80.0,125.0,2.2142857142857144,LABOR_2ND_TECH
Insight Facility,Labor:Brick installation,0,56.66666666666666,42.5,42.5,85.0,158.0,BRICK_INSTALLATION
Insight Facility,Labor:Ceiling tile replacement (labor),1,750.0,750.0,750.0,750.0,1.0,LABOR_CEILING_TILE
Insight Facility,Labor:Cove base (Labor),2,180.0,180.0,120.0,240.0,1.0,LABOR_COVE_BASE
Insight Facility,Labor:Demolition,3,355.0,205.0,85.0,800.0,6.333333333333333,LABOR_DEMOLITION
Insight Facility,Labor:Disposal,4,275.0,262.5,125.0,450.0,1.0,DISPOSAL
Insight Facility,"Labor:Drywall 5/8"" commercial",0,105.0,105.0,85.0,125.0,8.333333333333334,LABOR_DRYWALL
Insight Facility,Labor:Floor covering replacement (LVP),0,16.0,16.0,16.0,16.0,80.0,FLOOR_COVERING_LVP
Insight Facility,Labor:Incurred Labor,4,305.625,300.0,85.0,537.5,3.375,OTHER
Insight Facility,Labor:Job labor Emergency,15,147.80555555555554,125.0,0.5,250.0,3.4705882352941178,JOB_LABOR
Insight Facility,Labor:Labor (Emergency),16,124.28571428571428,125.0,120.0,125.0,2.34375,LABOR_EMERGENCY
Insight Facility,Labor:Paint (labor),3,271.6666666666667,105.0,85.0,850.0,9.22222222222222,LABOR_PAINT
Insight Facility,Labor:Protection,0,500.0,500.0,500.0,500.0,2.0,PROTECTION
Insight Facility,Material:5' X 5' Water Diverter kit,7,121.42857142857144,125.0,100.0,125.0,2.1666666666666665,MATERIALS_WATER_DIVERTER
Insight Facility,"Material:5/8"" commercial drywall",5,517.0,425.0,325.0,825.0,1.0,MATERIALS
Insight Facility,Material:Brick material,0,15.0,15.0,15.0,15.0,193.33333333333331,MATERIALS
Insight Facility,Material:Ceiling tile 2x4 (material),7,155.71428571428572,25.0,20.0,900.0,7.428571428571429,MATERIALS
Insight Facility,Material:Cove base (material),1,160.0,160.0,160.0,160.0,1.0,MATERIALS
Insight Facility,Material:Floor covering LVP (material),1,8.0,8.0,8.0,8.0,80.0,MATERIALS
Insight Facility,Material:Paint (material),12,227.5,167.5,65.0,800.0,3.9166666666666665,MATERIALS
Insight Facility,Materials,183,246.90262295081968,145.0,0.0,925.0,7.195,MATERIALS
Insight Facility,NTE EMERGENCY,10,220.45454545454547,200.0,125.0,400.0,2.0,NTE_EMERGENCY_4HR
Insight Facility,NTE Trip/Assessment,61,191.39344262295083,200.0,100.0,350.0,1.0,TRIP_ASSESSMENT
Insight Facility,NTE Trip/Labor,105,190.04807692307693,200.0,0.0,390.0,0.9885057471264368,NTE_TRIP_LABOR
Insight Facility,Services,3,45.0,50.0,0.0,85.0,1.1111111111111112,OTHER
Insight Facility,Trip Charge,117,85.0,75.0,50.0,300.0,1.0789473684210529,TRIP_CHARGE
Insight Facility,Trip Fee Standard,1,75.0,75.0,75.0,75.0,1.0,TRIP_FEE_STANDARD
Insight Facility,Water Diverter Kit,7,125.71428571428572,125.0,120.0,135.0,1.2857142857142858,MATERIALS_WATER_DIVERTER
Insight Facility,Water Extractor Mobilization,1,100.0,100.0,100.0,100.0,1.0,WATER_EXTRACTION
Insight Facility,emergency rate:1 Tech emergency rate,5,125.0,125.0,125.0,125.0,2.0,LABOR_EMERGENCY
Insight Facility Management (deleted),Services,0,,,,,,OTHER
KBS,Labor (after hours),0,,,,,1.0,AFTER_HOURS_LABOR
KBS,Materials,0,4.0,4.0,4.0,4.0,288.0,MATERIALS
KBS,NTE Trip/Assessment,1,175.0,175.0,175.0,175.0,1.0,TRIP_ASSESSMENT
KFM247 LTD,Base rate:NTE Emergency (4 HR),3,248.33333333333331,225.0,200.0,320.0,1.0,NTE_EMERGENCY_4HR
KFM247 LTD,Base rate:Trip/Assessment Incurred,13,138.84615384615384,125.0,125.0,200.0,1.0,TRIP_ASSESSMENT
KFM247 LTD,Disposal / Haul‑Away Fee,1,25.0,25.0,25.0,25.0,1.0,DISPOSAL
KFM247 LTD,Job labor,10,80.0,75.0,75.0,125.0,3.05,JOB_LABOR
KFM247 LTD,Labor 1 Tech,5,77.0,75.0,75.0,80.0,1.8,LABOR_1_TECH
KFM247 LTD,Labor:Labor (Emergency),1,120.0,120.0,120.0,120.0,1.0,LABOR_EMERGENCY
KFM247 LTD,Labor:Paint (labor),1,75.0,75.0,75.0,75.0,5.0,LABOR_PAINT
KFM247 LTD,Material:5' X 5' Water Diverter kit,2,100.0,100.0,100.0,100.0,1.0,MATERIALS_WATER_DIVERTER
KFM247 LTD,Material:Paint (material),2,85.0,85.0,85.0,85.0,3.5,MATERIALS
KFM247 LTD,Materials,13,89.38461538461539,47.5,12.0,425.0,3.0,MATERIALS
KFM247 LTD,NTE EMERGENCY,1,225.0,225.0,225.0,225.0,1.0,NTE_EMERGENCY_4HR
KFM247 LTD,NTE Trip/Assessment,8,134.375,125.0,50.0,225.0,1.0,TRIP_ASSESSMENT
KFM247 LTD,NTE Trip/Labor,21,174.28571428571428,125.0,125.0,320.0,1.0,NTE_TRIP_LABOR
KFM247 LTD,Trip Charge,3,50.0,50.0,50.0,50.0,1.0,TRIP_CHARGE
KFM247 LTD,Trip Fee Standard,2,50.0,50.0,50.0,50.0,1.0,TRIP_FEE_STANDARD
MaintenX,Base rate:NTE Emergency (4 HR),5,299.0,225.0,225.0,500.0,1.0,NTE_EMERGENCY_4HR
MaintenX,Base rate:Trip/Assessment Incurred,15,209.66666666666663,200.0,150.0,320.0,1.0,TRIP_ASSESSMENT
MaintenX,Delivery,1,300.0,300.0,300.0,300.0,1.0,DELIVERY
MaintenX,Equipment rental/usage,2,187.5,187.5,125.0,250.0,2.0,EQUIPMENT
MaintenX,Freight / shipping,1,35.0,35.0,35.0,35.0,1.0,FREIGHT
MaintenX,Glass,1,830.0,830.0,830.0,830.0,1.0,GLASS
MaintenX,Job labor,14,149.68421052631578,85.0,4.0,750.0,11.842105263157896,JOB_LABOR
MaintenX,Job site cleanup,1,400.0,400.0,400.0,400.0,1.0,CLEANUP
MaintenX,Labor 1 Tech,3,80.0,80.0,80.0,80.0,1.5,LABOR_1_TECH
MaintenX,Labor 2nd Tech,1,80.0,80.0,80.0,80.0,2.0,LABOR_2ND_TECH
MaintenX,Labor:Awning wash,0,250.0,250.0,250.0,250.0,8.0,AWNING_WASH
MaintenX,Labor:Demolition,2,80.0,80.0,80.0,80.0,5.0,LABOR_DEMOLITION
MaintenX,Labor:Disposal,1,25.0,25.0,25.0,25.0,,DISPOSAL
MaintenX,Labor:Electrical,1,125.0,125.0,125.0,125.0,1.0,LABOR_ELECTRICAL
MaintenX,Labor:Job labor Emergency,1,125.0,125.0,125.0,125.0,4.0,JOB_LABOR
MaintenX,Labor:Paint (labor),1,80.0,80.0,80.0,80.0,4.0,LABOR_PAINT
MaintenX,Labor:Protection,1,325.0,325.0,325.0,325.0,1.0,PROTECTION
MaintenX,Material:5' X 5' Water Diverter kit,1,125.0,125.0,125.0,125.0,3.0,MATERIALS_WATER_DIVERTER
MaintenX,Material:Paint (material),1,75.0,75.0,75.0,75.0,1.0,MATERIALS
MaintenX,Materials,18,287.1388888888889,266.25,30.0,625.0,2.055555555555556,MATERIALS
MaintenX,NTE EMERGENCY,3,306.6666666666667,320.0,200.0,400.0,1.0,NTE_EMERGENCY_4HR
MaintenX,NTE Trip/Assessment,8,214.375,200.0,150.0,320.0,1.0,TRIP_ASSESSMENT
MaintenX,NTE Trip/Labor,8,210.625,212.5,125.0,300.0,1.0,NTE_TRIP_LABOR
MaintenX,Trip Charge,14,85.71428571428571,100.0,50.0,125.0,1.0,TRIP_CHARGE
Mark Logan,Base rate:Paint- materials and labor,1,800.0,800.0,800.0,800.0,1.0,LABOR_PAINT
Mark Logan,NTE Trip/Labor,1,320.0,320.0,320.0,320.0,1.0,NTE_TRIP_LABOR
NEST,Base rate:Trip/Assessment Incurred,1,160.0,160.0,160.0,160.0,1.0,TRIP_ASSESSMENT
NEST,Job labor,2,82.5,82.5,80.0,85.0,2.25,JOB_LABOR
NEST,Materials,2,39.0,39.0,8.0,70.0,5.5,MATERIALS
NEST,NTE Trip/Labor,2,215.0,215.0,200.0,230.0,1.0,NTE_TRIP_LABOR
NEST,Trip Charge,1,75.0,75.0,75.0,75.0,1.0,TRIP_CHARGE
NEST,Trip Fee Standard,1,117.5,117.5,117.5,117.5,1.0,TRIP_FEE_STANDARD
Nesbitt,Change order,1,600.0,600.0,600.0,600.0,1.0,CHANGE_ORDER
Nesbitt,Job labor,0,,,,,1.0,JOB_LABOR
Nesbitt,Labor:Demolition,0,,,,,1.0,LABOR_DEMOLITION
Nesbitt,Materials,0,,,,,1.0,MATERIALS
RKB Facility,Labor 1 Tech,2,80.0,80.0,80.0,80.0,2.0,LABOR_1_TECH
RKB Facility,Materials,2,325.0,325.0,325.0,325.0,1.0,MATERIALS
RKB Facility,NTE Trip/Assessment,2,165.0,165.0,130.0,200.0,1.0,TRIP_ASSESSMENT
RKB Facility,Trip Charge,2,50.0,50.0,50.0,50.0,1.0,TRIP_CHARGE
Red Facility Solutions,Job labor,1,85.0,85.0,85.0,85.0,1.0,JOB_LABOR
Red Facility Solutions,NTE Trip/Assessment,1,160.0,160.0,160.0,160.0,1.0,TRIP_ASSESSMENT
Red Facility Solutions,Trip Fee Standard,1,75.0,75.0,75.0,75.0,1.0,TRIP_FEE_STANDARD
Retail Fix-it,Base rate:NTE Emergency (4 HR),1,200.0,200.0,200.0,200.0,1.3,NTE_EMERGENCY_4HR
Retail Fix-it,Base rate:Trip/Assessment Incurred,9,157.63888888888889,160.0,75.0,383.75,1.0,TRIP_ASSESSMENT
Retail Fix-it,Disposal:Disposal,1,125.0,125.0,125.0,125.0,1.0,DISPOSAL
Retail Fix-it,Equipment rental/usage,1,400.0,400.0,400.0,400.0,1.0,EQUIPMENT
Retail Fix-it,Job labor,34,134.26000000000002,85.0,85.0,960.0,2.7182857142857144,JOB_LABOR
Retail Fix-it,Job site cleanup,1,125.0,125.0,125.0,125.0,1.0,CLEANUP
Retail Fix-it,Labor 1 Tech,15,86.0,85.0,85.0,100.0,1.848,LABOR_1_TECH
Retail Fix-it,Labor:Demolition,1,125.0,125.0,125.0,125.0,1.0,LABOR_DEMOLITION
Retail Fix-it,Labor:Electrical,1,85.0,85.0,85.0,85.0,10.5,LABOR_ELECTRICAL
Retail Fix-it,Labor:Incurred Labor,1,85.0,85.0,85.0,85.0,1.0,OTHER
Retail Fix-it,Labor:Job labor Emergency,2,85.0,85.0,85.0,85.0,2.75,JOB_LABOR
Retail Fix-it,Labor:Paint (labor),0,85.0,85.0,85.0,85.0,16.0,LABOR_PAINT
Retail Fix-it,Material:Ceiling tile 2x4 (material),3,18.33333333333333,22.5,10.0,22.5,5.333333333333333,MATERIALS
Retail Fix-it,Material:Paint (material),1,85.0,85.0,85.0,85.0,4.0,MATERIALS
Retail Fix-it,Materials,43,123.84790697674418,35.0,5.0,719.0,2.069767441860465,MATERIALS
Retail Fix-it,NTE EMERGENCY,1,75.0,75.0,75.0,75.0,1.0,NTE_EMERGENCY_4HR
Retail Fix-it,NTE Trip/Assessment,13,175.33076923076925,160.0,75.0,250.0,1.0,TRIP_ASSESSMENT
Retail Fix-it,NTE Trip/Labor,30,225.6783333333333,160.0,75.0,755.0,1.0,NTE_TRIP_LABOR
Retail Fix-it,Trip Charge,22,74.31818181818181,75.0,50.0,85.0,1.119047619047619,TRIP_CHARGE
Retail Fix-it,Trip Fee Emergency,2,137.5,137.5,75.0,200.0,1.0,TRIP_FEE_EMERGENCY
Retail Fix-it,Trip Fee Standard,1,75.0,75.0,75.0,75.0,1.0,TRIP_FEE_STANDARD
Retail Fix-it,Trip Fee – Standard,1,75.0,75.0,75.0,75.0,1.0,TRIP_FEE_STANDARD
"Retail Maintenance Specialists & Construction, LLC",Base rate:NTE Emergency (4 HR),12,197.91666666666663,190.0,175.0,225.0,1.0,NTE_EMERGENCY_4HR
"Retail Maintenance Specialists & Construction, LLC",Base rate:Trip/Assessment Incurred,40,144.5,130.0,130.0,480.0,1.0,TRIP_ASSESSMENT
"Retail Maintenance Specialists & Construction, LLC",Disposal:Disposal,5,200.0,125.0,50.0,500.0,1.0,DISPOSAL
"Retail Maintenance Specialists & Construction, LLC",Equipment rental/usage,1,250.0,250.0,250.0,250.0,1.0,EQUIPMENT
"Retail Maintenance Specialists & Construction, LLC",Freight / shipping,3,45.0,35.0,35.0,65.0,1.0,FREIGHT
"Retail Maintenance Specialists & Construction, LLC",Heavy duty continuous hinge,1,285.0,285.0,285.0,285.0,2.0,MATERIALS
"Retail Maintenance Specialists & Construction, LLC",Heavy duty door sweep,2,41.25,41.25,37.5,45.0,2.0,MATERIALS
"Retail Maintenance Specialists & Construction, LLC",Job labor,48,101.8,80.0,80.0,800.0,4.01,JOB_LABOR
"Retail Maintenance Specialists & Construction, LLC",Labor (after hours),1,125.0,125.0,125.0,125.0,5.0,AFTER_HOURS_LABOR
"Retail Maintenance Specialists & Construction, LLC",Labor 1 Tech,21,80.0,80.0,80.0,80.0,1.9761904761904765,LABOR_1_TECH
"Retail Maintenance Specialists & Construction, LLC",Labor 2nd Tech,2,80.0,80.0,80.0,80.0,5.25,LABOR_2ND_TECH
"Retail Maintenance Specialists & Construction, LLC",Labor:Ceiling tile replacement (labor),1,80.0,80.0,80.0,80.0,3.0,LABOR_CEILING_TILE
"Retail Maintenance Specialists & Construction, LLC",Labor:Disposal,1,50.0,50.0,50.0,50.0,1.0,DISPOSAL
"Retail Maintenance Specialists & Construction, LLC","Labor:Drywall 5/8"" commercial",2,80.0,80.0,80.0,80.0,3.5,LABOR_DRYWALL
"Retail Maintenance Specialists & Construction, LLC",Labor:Incurred Labor,2,65.0,65.0,0.0,130.0,1.0,OTHER
"Retail Maintenance Specialists & Construction, LLC",Labor:Labor (Emergency),6,125.0,125.0,125.0,125.0,0.8333333333333334,LABOR_EMERGENCY
"Retail Maintenance Specialists & Construction, LLC",Labor:Paint (labor),2,80.0,80.0,80.0,80.0,2.25,LABOR_PAINT
"Retail Maintenance Specialists & Construction, LLC",Material:10x10 water diverter,1,175.0,175.0,175.0,175.0,1.0,MATERIALS_WATER_DIVERTER
"Retail Maintenance Specialists & Construction, LLC",Material:5' X 5' Water Diverter kit,2,125.0,125.0,125.0,125.0,1.5,MATERIALS_WATER_DIVERTER
"Retail Maintenance Specialists & Construction, LLC","Material:5/8"" commercial drywall",2,95.0,95.0,95.0,95.0,1.0,MATERIALS
"Retail Maintenance Specialists & Construction, LLC",Material:Ceiling tile 2x4 (material),2,107.725,107.725,25.0,190.45,3.0,MATERIALS
"Retail Maintenance Specialists & Construction, LLC",Material:Paint (material),3,58.333333333333336,65.0,45.0,65.0,1.0,MATERIALS
"Retail Maintenance Specialists & Construction, LLC",Material:water Diverter kit,5,109.0,125.0,85.0,125.0,1.8,MATERIALS_WATER_DIVERTER
"Retail Maintenance Specialists & Construction, LLC",Materials,53,131.41169811320754,110.0,2.0,600.0,3.411764705882353,MATERIALS
"Retail Maintenance Specialists & Construction, LLC",NTE EMERGENCY,7,139.28571428571428,175.0,0.0,200.0,1.0,NTE_EMERGENCY_4HR
"Retail Maintenance Specialists & Construction, LLC",NTE Trip/Assessment,21,134.52380952380952,130.0,130.0,180.0,1.0,TRIP_ASSESSMENT
"Retail Maintenance Specialists & Construction, LLC",NTE Trip/Labor,76,152.23684210526315,130.0,50.0,715.0,1.0294117647058822,NTE_TRIP_LABOR
"Retail Maintenance Specialists & Construction, LLC",Trip Charge,39,50.0,50.0,50.0,50.0,1.0,TRIP_CHARGE
"Retail Maintenance Specialists & Construction, LLC",Trip Fee Standard,2,62.5,62.5,50.0,75.0,1.0,TRIP_FEE_STANDARD
"Retail Maintenance Specialists & Construction, LLC",Water Diverter Kit,2,125.0,125.0,125.0,125.0,2.5,MATERIALS_WATER_DIVERTER
"Retail Maintenance Specialists & Construction, LLC",emergency rate:1 Tech emergency rate,3,125.0,125.0,125.0,125.0,1.6666666666666667,LABOR_EMERGENCY
Sample Customer:test,NTE Trip/Assessment,1,0.0,0.0,0.0,0.0,1.0,TRIP_ASSESSMENT
Summit Facility,Base rate:NTE Emergency (4 HR),1,225.0,225.0,225.0,225.0,,NTE_EMERGENCY_4HR
Summit Facility,Base rate:Trip/Assessment Incurred,1,160.0,160.0,160.0,160.0,,TRIP_ASSESSMENT
Summit Facility,Job labor,1,85.0,85.0,85.0,85.0,4.0,JOB_LABOR
Summit Facility,Materials,2,90.85,90.85,85.0,96.7,1.0,MATERIALS
Summit Facility,Trip Charge,1,75.0,75.0,75.0,75.0,,TRIP_CHARGE
Truesource LLC,Base rate:NTE Emergency (4 HR),25,296.4,320.0,120.0,320.0,1.0,NTE_EMERGENCY_4HR
Truesource LLC,Base rate:Paint- materials and labor,2,185.0,185.0,185.0,185.0,1.0,LABOR_PAINT
Truesource LLC,Base rate:Protection and safety,1,225.0,225.0,225.0,225.0,2.0,PROTECTION
Truesource LLC,Base rate:Trip/Assessment Incurred,8,261.875,320.0,130.0,325.0,1.0,TRIP_ASSESSMENT
Truesource LLC,Bollard,1,300.0,300.0,300.0,300.0,2.0,MATERIALS
Truesource LLC,Disposal:Disposal,14,260.35714285714283,147.5,50.0,500.0,1.0,DISPOSAL
Truesource LLC,"Door parts:CRL Dark Bronze 1/8"" Offset Flush Bolt",2,40.75,40.75,37.5,44.0,1.5,DOOR_PARTS
Truesource LLC,Equipment rental/usage,19,392.6315789473685,400.0,60.0,650.0,1.0434782608695652,EQUIPMENT
Truesource LLC,Floor Protection,1,425.0,425.0,425.0,425.0,1.0,PROTECTION
Truesource LLC,Freight / shipping,5,181.0,200.0,20.0,450.0,1.0,FREIGHT
Truesource LLC,Job labor,160,102.83957219251336,80.0,0.0,625.0,4.761191709844559,JOB_LABOR
Truesource LLC,Job site cleanup,2,362.5,362.5,325.0,400.0,1.0,CLEANUP
Truesource LLC,Labor 1 Tech,10,89.0,80.0,80.0,160.0,1.95,LABOR_1_TECH
Truesource LLC,Labor 2nd Tech,1,80.0,80.0,80.0,80.0,2.5,LABOR_2ND_TECH
Truesource LLC,Labor:Concrete pour and finish,1,6.0,6.0,6.0,6.0,81.0,LABOR_CONCRETE
Truesource LLC,Labor:Demolition,0,,,,,1.0,LABOR_DEMOLITION
Truesource LLC,Labor:Disposal,1,170.0,170.0,170.0,170.0,1.0,DISPOSAL
Truesource LLC,Labor:Electrical,1,300.0,300.0,300.0,300.0,1.0,LABOR_ELECTRICAL
Truesource LLC,Labor:Gate replacement (medium),0,,,,,1.0,GATE_REPLACEMENT
Truesource LLC,Labor:Job Item,1,77.0,77.0,77.0,77.0,4.0,OTHER
Truesource LLC,Labor:Job labor Emergency,4,113.75,125.0,80.0,125.0,2.375,JOB_LABOR
Truesource LLC,Labor:Labor (Emergency),6,124.16666666666669,125.0,80.0,170.0,1.7516666666666667,LABOR_EMERGENCY
Truesource LLC,Labor:Paint (labor),1,4.0,4.0,4.0,4.0,130.0,LABOR_PAINT
Truesource LLC,Labor:Reconstruction,0,,,,,1.0,RECONSTRUCTION
Truesource LLC,Labor:Standard Labor – Per Hour,1,80.0,80.0,80.0,80.0,2.0,LABOR_STANDARD_HOURLY
Truesource LLC,Labor:Welding,4,687.5,800.0,350.0,800.0,1.0,LABOR_WELDING
Truesource LLC,Materials,63,223.4806153846154,185.0,5.0,871.12,1.5277777777777777,MATERIALS
Truesource LLC,NTE EMERGENCY,4,320.0,320.0,320.0,320.0,1.0,NTE_EMERGENCY_4HR
Truesource LLC,NTE Trip/Assessment,58,253.36206896551724,300.0,70.0,350.0,1.0178571428571428,TRIP_ASSESSMENT
Truesource LLC,NTE Trip/Labor,45,284.3333333333333,320.0,100.0,475.0,1.0,NTE_TRIP_LABOR
Truesource LLC,Processing,1,75.0,75.0,75.0,75.0,1.0,PROCESSING
Truesource LLC,Services,4,280.0,320.0,160.0,320.0,2.25,OTHER
Truesource LLC,Standard Labor  Per Hour,1,77.0,77.0,77.0,77.0,1.0,LABOR_STANDARD_HOURLY
Truesource LLC,Trip Charge,169,113.78710059171598,100.0,0.0,350.0,1.67810650887574,TRIP_CHARGE
Truesource LLC,Trip Fee Emergency,1,100.0,100.0,100.0,100.0,2.8,TRIP_FEE_EMERGENCY
Truesource LLC,Trip Fee Standard,2,100.0,100.0,100.0,100.0,1.5,TRIP_FEE_STANDARD
Truesource LLC,Trip Fee – Emergency,2,150.0,150.0,100.0,200.0,2.0,TRIP_FEE_EMERGENCY
Truesource LLC,Trip Fee – Standard,23,100.0,100.0,100.0,100.0,1.691304347826087,TRIP_FEE_STANDARD
Truesource LLC,emergency rate:1 Tech emergency rate,1,125.0,125.0,125.0,125.0,1.0,LABOR_EMERGENCY
