raw_item,canonical_service
15' Water hose (deleted),IGNORE
2 techs Emergency Rate,LABOR_EMERGENCY
5 Gallon Bucket (deleted),IGNORE
5' X 5' Water Diverter (deleted),MATERIALS_WATER_DIVERTER
Affiliate Fee Credit,IGNORE
Base rate:Acoustical ceiling,OTHER
Base rate:Drywall,LABOR_DRYWALL
Base rate:Framing,LABOR_FRAMING
Base rate:NTE Emergency (4 HR),NTE_EMERGENCY_4HR
Base rate:Paint- materials and labor,LABOR_PAINT
Base rate:Permits,PERMITS
Base rate:Protection and safety,PROTECTION
Base rate:Trip/Assessment Incurred,TRIP_ASSESSMENT
Bollard,MATERIALS
Change order,CHANGE_ORDER
Dehumidifier Rental,EQUIPMENT
Delivery,DELIVERY
Disposal / Haul‑Away Fee,DISPOSAL
Disposal:Disposal,DISPOSAL
"Door parts:CRL Dark Bronze 1/8"" Offset Flush Bolt",DOOR_PARTS
Door parts:Commercial Entry door,DOOR_PARTS
Drying equipment rental,EQUIPMENT
Equipment rental/usage,EQUIPMENT
Equipment usage and transport fee,EQUIPMENT
Filled Sand Bag,OTHER
Floor Protection,PROTECTION
Freight / shipping,FREIGHT
Glass,GLASS
Heavy duty continuous hinge,MATERIALS
Heavy duty door sweep,MATERIALS
Hollow Metal Door Kit,DOOR_PARTS
Job labor,JOB_LABOR
Job site cleanup,CLEANUP
Labor (after hours),AFTER_HOURS_LABOR
Labor 1 Tech,LABOR_1_TECH
Labor 2nd Tech,LABOR_2ND_TECH
Labor:Awning wash,AWNING_WASH
Labor:Brick installation,BRICK_INSTALLATION
Labor:Ceiling tile replacement (labor),LABOR_CEILING_TILE
Labor:Concrete pour and finish,LABOR_CONCRETE
Labor:Cove base (Labor),LABOR_COVE_BASE
Labor:Demolition,LABOR_DEMOLITION
Labor:Disposal,DISPOSAL
"Labor:Drywall 5/8"" commercial",LABOR_DRYWALL
Labor:Electrical,LABOR_ELECTRICAL
Labor:Floor covering replacement (LVP),FLOOR_COVERING_LVP
Labor:Gate replacement (medium),GATE_REPLACEMENT
Labor:Incurred Labor,OTHER
Labor:Job Item,OTHER
Labor:Job labor Emergency,JOB_LABOR
Labor:Labor (Emergency),LABOR_EMERGENCY
Labor:Paint (labor),LABOR_PAINT
Labor:Protection,PROTECTION
Labor:Reconstruction,RECONSTRUCTION
Labor:Standard Labor – Per Hour,LABOR_STANDARD_HOURLY
Labor:Welding,LABOR_WELDING
Material:1/4 plywood (deleted),IGNORE
Material:10x10 water diverter,MATERIALS_WATER_DIVERTER
Material:5' X 5' Water Diverter kit,MATERIALS_WATER_DIVERTER
"Material:5/8"" commercial drywall",MATERIALS
Material:Brick material,MATERIALS
Material:Ceiling tile 2x4 (material),MATERIALS
Material:Cove base (material),MATERIALS
Material:Floor covering LVP (material),MATERIALS
Material:Paint (material),MATERIALS
Material:water Diverter kit,MATERIALS_WATER_DIVERTER
Materials,MATERIALS
NTE EMERGENCY,NTE_EMERGENCY_4HR
NTE Trip/Assessment,TRIP_ASSESSMENT
NTE Trip/Labor,NTE_TRIP_LABOR
Processing,PROCESSING
Services,OTHER
Standard Labor  Per Hour,LABOR_STANDARD_HOURLY
Trip Charge,TRIP_CHARGE
Trip Fee Emergency,TRIP_FEE_EMERGENCY
Trip Fee Standard,TRIP_FEE_STANDARD
Trip Fee – Emergency,TRIP_FEE_EMERGENCY
Trip Fee – Standard,TRIP_FEE_STANDARD
Water Diverter Kit,MATERIALS_WATER_DIVERTER
Water Extractor Mobilization,WATER_EXTRACTION
emergency rate:1 Tech emergency rate,LABOR_EMERGENCY
