raw_item,canonical_service
15' Water hose (deleted),OTHER
2 techs Emergency Rate,OTHER
5 Gallon Bucket (deleted),OTHER
5' X 5' Water Diverter (deleted),OTHER
Affiliate Fee Credit,OTHER
Base rate:Acoustical ceiling,OTHER
Base rate:Drywall,OTHER
Base rate:Framing,OTHER
Base rate:NTE Emergency (4 HR),NTE_EMERGENCY_4HR
Base rate:Paint- materials and labor,OTHER
Base rate:Permits,OTHER
Base rate:Protection and safety,OTHER
Base rate:Trip/Assessment Incurred,TRIP_ASSESSMENT
Bollard,OTHER
Change order,OTHER
Dehumidifier Rental,OTHER
Delivery,OTHER
Disposal / Haul‑Away Fee,DISPOSAL
Disposal:Disposal,DISPOSAL
"Door parts:CRL Dark Bronze 1/8"" Offset Flush Bolt",OTHER
Door parts:Commercial Entry door,OTHER
Drying equipment rental,EQUIPMENT
Equipment rental/usage,EQUIPMENT
Equipment usage and transport fee,EQUIPMENT
Filled Sand Bag,OTHER
Floor Protection,OTHER
Freight / shipping,FREIGHT
Glass,OTHER
Heavy duty continuous hinge,OTHER
Heavy duty door sweep,OTHER
Hollow Metal Door Kit,OTHER
Job labor,JOB_LABOR
Job site cleanup,OTHER
Labor (after hours),OTHER
Labor 1 Tech,LABOR_1_TECH
Labor 2nd Tech,LABOR_2ND_TECH
Labor:Awning wash,OTHER
Labor:Brick installation,OTHER
Labor:Ceiling tile replacement (labor),OTHER
Labor:Concrete pour and finish,OTHER
Labor:Cove base (Labor),OTHER
Labor:Demolition,OTHER
Labor:Disposal,DISPOSAL
"Labor:Drywall 5/8"" commercial",OTHER
Labor:Electrical,OTHER
Labor:Floor covering replacement (LVP),OTHER
Labor:Gate replacement (medium),OTHER
Labor:Incurred Labor,OTHER
Labor:Job Item,OTHER
Labor:Job labor Emergency,JOB_LABOR
Labor:Labor (Emergency),OTHER
Labor:Paint (labor),OTHER
Labor:Protection,OTHER
Labor:Reconstruction,OTHER
Labor:Standard Labor – Per Hour,OTHER
Labor:Welding,OTHER
Material:1/4 plywood (deleted),MATERIALS
Material:10x10 water diverter,MATERIALS
Material:5' X 5' Water Diverter kit,MATERIALS
"Material:5/8"" commercial drywall",MATERIALS
Material:Brick material,MATERIALS
Material:Ceiling tile 2x4 (material),MATERIALS
Material:Cove base (material),MATERIALS
Material:Floor covering LVP (material),MATERIALS
Material:Paint (material),MATERIALS
Material:water Diverter kit,MATERIALS
Materials,MATERIALS
NTE EMERGENCY,NTE_EMERGENCY_4HR
NTE Trip/Assessment,TRIP_ASSESSMENT
NTE Trip/Labor,NTE_TRIP_LABOR
Processing,OTHER
Services,OTHER
Standard Labor  Per Hour,OTHER
Trip Charge,TRIP_CHARGE
Trip Fee Emergency,TRIP_FEE_EMERGENCY
Trip Fee Standard,TRIP_FEE_STANDARD
Trip Fee – Emergency,TRIP_FEE_EMERGENCY
Trip Fee – Standard,TRIP_FEE_STANDARD
Water Diverter Kit,OTHER
Water Extractor Mobilization,OTHER
emergency rate:1 Tech emergency rate,OTHER
